{
  "pixel_space": {
    "boundaries": [
      [
        455,
        5
      ],
      [
        4,
        100
      ],
      [
        4,
        198
      ],
      [
        455,
        198
      ]
    ],
    "input_shaft": {
      "x": 393,
      "y": 108
    },
    "output_shaft": {
      "x": 84,
      "y": 151
    }
  },
  "normalized_space": {
    "boundaries": [
      [
        50.0,
        -21.39689578713969
      ],
      [
        -50.0,
        -0.3325942350332589
      ],
      [
        -50.0,
        21.39689578713969
      ],
      [
        50.0,
        21.39689578713969
      ]
    ],
    "input_shaft": {
      "x": 36.30761873229591,
      "y": 1.5261878246096288
    },
    "output_shaft": {
      "x": -32.082486095074614,
      "y": 11.056672150299214
    }
  },
  "normalization_params": {
    "scale": 0.22172949002217296,
    "offset_x": -50.886917960088695,
    "offset_y": -22.505543237250556
  },
  "background_image_path": "C:\\Users\\Mmdocks\\Desktop\\CODE\\GearboxRL\\GearRL\\data\\Example1.png"
}