{
  "pixel_space": {
    "boundaries": [
      [
        4,
        4
      ],
      [
        4,
        198
      ],
      [
        455,
        198
      ],
      [
        455,
        4
      ]
    ],
    "input_shaft": {
      "x": 384,
      "y": 101
    },
    "output_shaft": {
      "x": 91,
      "y": 121
    }
  },
  "normalized_space": {
    "boundaries": [
      [
        -50.0,
        -21.507760532150776
      ],
      [
        -50.0,
        21.50776053215078
      ],
      [
        50.0,
        21.50776053215078
      ],
      [
        50.0,
        -21.507760532150776
      ]
    ],
    "input_shaft": {
      "x": 34.46180205603709,
      "y": 0.12598266478532594
    },
    "output_shaft": {
      "x": -30.628303281317553,
      "y": 4.545454545454547
    }
  },
  "normalization_params": {
    "scale": 0.22172949002217296,
    "offset_x": -50.886917960088695,
    "offset_y": -22.394678492239468
  },
  "background_image_path": "c:\\Users\\Mmdocks\\Desktop\\CODE\\GearboxRL\\GearRL\\data\\Example4.png"
}