{
  "pixel_space": {
    "boundaries": [
      [
        454,
        132
      ],
      [
        440,
        46
      ],
      [
        378,
        3
      ],
      [
        245,
        51
      ],
      [
        55,
        59
      ],
      [
        4,
        93
      ],
      [
        20,
        132
      ],
      [
        86,
        197
      ],
      [
        431,
        197
      ]
    ],
    "input_shaft": {
      "x": 384,
      "y": 101
    },
    "output_shaft": {
      "x": 90,
      "y": 120
    }
  },
  "normalized_space": {
    "boundaries": [
      [
        50.0,
        7.111111111111111
      ],
      [
        46.888888888888886,
        -12.0
      ],
      [
        33.111111111111114,
        -21.555555555555554
      ],
      [
        3.555555555555557,
        -10.88888888888889
      ],
      [
        -38.666666666666664,
        -9.11111111111111
      ],
      [
        -50.0,
        -1.5555555555555571
      ],
      [
        -46.44444444444444,
        7.111111111111111
      ],
      [
        -31.777777777777775,
        21.555555555555557
      ],
      [
        44.888888888888886,
        21.555555555555557
      ]
    ],
    "input_shaft": {
      "x": 34.54012345679011,
      "y": 0.26234567901234485
    },
    "output_shaft": {
      "x": -30.701525054466227,
      "y": 4.631808278867101
    }
  },
  "normalization_params": {
    "scale": 0.2222222222222222,
    "offset_x": -50.888888888888886,
    "offset_y": -22.22222222222222
  }
}