{
  "pixel_space": {
    "boundaries": [
      [
        435,
        76
      ],
      [
        427,
        47
      ],
      [
        417,
        30
      ],
      [
        399,
        14
      ],
      [
        386,
        8
      ],
      [
        358,
        3
      ],
      [
        325,
        7
      ],
      [
        312,
        14
      ],
      [
        304,
        22
      ],
      [
        297,
        34
      ],
      [
        290,
        57
      ],
      [
        283,
        91
      ],
      [
        279,
        102
      ],
      [
        269,
        119
      ],
      [
        255,
        131
      ],
      [
        238,
        138
      ],
      [
        226,
        140
      ],
      [
        203,
        140
      ],
      [
        190,
        134
      ],
      [
        177,
        120
      ],
      [
        149,
        63
      ],
      [
        140,
        50
      ],
      [
        130,
        40
      ],
      [
        114,
        30
      ],
      [
        89,
        24
      ],
      [
        79,
        25
      ],
      [
        40,
        35
      ],
      [
        27,
        43
      ],
      [
        15,
        56
      ],
      [
        8,
        71
      ],
      [
        4,
        91
      ],
      [
        3,
        115
      ],
      [
        5,
        142
      ],
      [
        10,
        157
      ],
      [
        25,
        174
      ],
      [
        47,
        188
      ],
      [
        69,
        196
      ],
      [
        415,
        196
      ],
      [
        428,
        174
      ],
      [
        436,
        147
      ],
      [
        438,
        107
      ]
    ],
    "input_shaft": {
      "x": 368,
      "y": 100
    },
    "output_shaft": {
      "x": 74,
      "y": 119
    }
  },
  "normalized_space": {
    "boundaries": [
      [
        49.310344827586206,
        -5.402298850574713
      ],
      [
        47.47126436781609,
        -12.068965517241377
      ],
      [
        45.172413793103445,
        -15.977011494252872
      ],
      [
        41.03448275862068,
        -19.655172413793103
      ],
      [
        38.045977011494244,
        -21.034482758620687
      ],
      [
        31.60919540229885,
        -22.18390804597701
      ],
      [
        24.022988505747122,
        -21.26436781609195
      ],
      [
        21.034482758620683,
        -19.655172413793103
      ],
      [
        19.195402298850567,
        -17.816091954022987
      ],
      [
        17.58620689655173,
        -15.057471264367814
      ],
      [
        15.977011494252878,
        -9.770114942528734
      ],
      [
        14.367816091954026,
        -1.954022988505745
      ],
      [
        13.448275862068968,
        0.5747126436781613
      ],
      [
        11.149425287356323,
        4.482758620689655
      ],
      [
        7.931034482758619,
        7.241379310344829
      ],
      [
        4.022988505747122,
        8.850574712643681
      ],
      [
        1.264367816091955,
        9.31034482758621
      ],
      [
        -4.022988505747129,
        9.31034482758621
      ],
      [
        -7.011494252873561,
        7.931034482758623
      ],
      [
        -10.0,
        4.712643678160919
      ],
      [
        -16.4367816091954,
        -8.390804597701148
      ],
      [
        -18.50574712643678,
        -11.379310344827585
      ],
      [
        -20.804597701149426,
        -13.678160919540229
      ],
      [
        -24.482758620689655,
        -15.977011494252872
      ],
      [
        -30.229885057471265,
        -17.356321839080458
      ],
      [
        -32.52873563218391,
        -17.126436781609193
      ],
      [
        -41.49425287356322,
        -14.82758620689655
      ],
      [
        -44.48275862068966,
        -12.988505747126435
      ],
      [
        -47.241379310344826,
        -9.999999999999998
      ],
      [
        -48.85057471264368,
        -6.551724137931032
      ],
      [
        -49.770114942528735,
        -1.954022988505745
      ],
      [
        -50.0,
        3.5632183908046002
      ],
      [
        -49.54022988505747,
        9.770114942528739
      ],
      [
        -48.39080459770115,
        13.2183908045977
      ],
      [
        -44.94252873563219,
        17.126436781609197
      ],
      [
        -39.88505747126437,
        20.3448275862069
      ],
      [
        -34.827586206896555,
        22.18390804597701
      ],
      [
        44.712643678160916,
        22.18390804597701
      ],
      [
        47.701149425287355,
        17.126436781609197
      ],
      [
        49.54022988505747,
        10.919540229885062
      ],
      [
        50.0,
        1.724137931034484
      ]
    ],
    "input_shaft": {
      "x": 33.98959541635908,
      "y": 0.11494252873563227
    },
    "output_shaft": {
      "x": -33.53421420131056,
      "y": 4.6557095284133645
    }
  },
  "normalization_params": {
    "scale": 0.22988505747126436,
    "offset_x": -50.689655172413794,
    "offset_y": -22.873563218390803
  }
}