{
  "pixel_space": {
    "boundaries": [
      [
        435,
        76
      ],
      [
        399,
        14
      ],
      [
        325,
        7
      ],
      [
        269,
        119
      ],
      [
        203,
        140
      ],
      [
        130,
        40
      ],
      [
        79,
        25
      ],
      [
        15,
        56
      ],
      [
        5,
        142
      ],
      [
        69,
        196
      ],
      [
        415,
        196
      ]
    ],
    "input_shaft": {
      "x": 368,
      "y": 100
    },
    "output_shaft": {
      "x": 74,
      "y": 119
    }
  },
  "normalized_space": {
    "boundaries": [
      [
        50.00000000000001,
        -5.9302325581395365
      ],
      [
        41.62790697674419,
        -20.348837209302328
      ],
      [
        24.418604651162788,
        -21.976744186046513
      ],
      [
        11.395348837209305,
        4.0697674418604635
      ],
      [
        -3.9534883720930196,
        8.953488372093023
      ],
      [
        -20.930232558139533,
        -14.30232558139535
      ],
      [
        -32.7906976744186,
        -17.790697674418606
      ],
      [
        -47.67441860465116,
        -10.58139534883721
      ],
      [
        -50.0,
        9.418604651162791
      ],
      [
        -35.116279069767444,
        21.976744186046513
      ],
      [
        45.348837209302324,
        21.976744186046513
      ]
    ],
    "input_shaft": {
      "x": 34.50110233980512,
      "y": -0.348837209302328
    },
    "output_shaft": {
      "x": -33.80786785481417,
      "y": 4.244729406650727
    }
  },
  "normalization_params": {
    "scale": 0.23255813953488372,
    "offset_x": -51.16279069767442,
    "offset_y": -23.6046511627907
  }
}