{
  "pixel_space": {
    "boundaries": [
      [
        454,
        132
      ],
      [
        452,
        88
      ],
      [
        448,
        69
      ],
      [
        440,
        46
      ],
      [
        429,
        29
      ],
      [
        417,
        17
      ],
      [
        404,
        9
      ],
      [
        378,
        3
      ],
      [
        354,
        6
      ],
      [
        323,
        15
      ],
      [
        308,
        21
      ],
      [
        262,
        46
      ],
      [
        245,
        51
      ],
      [
        115,
        52
      ],
      [
        87,
        54
      ],
      [
        55,
        59
      ],
      [
        37,
        64
      ],
      [
        20,
        72
      ],
      [
        11,
        79
      ],
      [
        6,
        86
      ],
      [
        4,
        93
      ],
      [
        5,
        107
      ],
      [
        9,
        116
      ],
      [
        20,
        132
      ],
      [
        50,
        165
      ],
      [
        86,
        197
      ],
      [
        431,
        197
      ],
      [
        444,
        175
      ],
      [
        451,
        153
      ]
    ],
    "input_shaft": {
      "x": 384,
      "y": 101
    },
    "output_shaft": {
      "x": 90,
      "y": 120
    }
  },
  "normalized_space": {
    "boundaries": [
      [
        50.0,
        7.111111111111111
      ],
      [
        49.55555555555556,
        -2.666666666666668
      ],
      [
        48.66666666666666,
        -6.888888888888889
      ],
      [
        46.888888888888886,
        -12.0
      ],
      [
        44.44444444444444,
        -15.777777777777779
      ],
      [
        41.77777777777777,
        -18.444444444444443
      ],
      [
        38.888888888888886,
        -20.22222222222222
      ],
      [
        33.111111111111114,
        -21.555555555555554
      ],
      [
        27.77777777777777,
        -20.88888888888889
      ],
      [
        20.888888888888886,
        -18.88888888888889
      ],
      [
        17.555555555555557,
        -17.555555555555557
      ],
      [
        7.333333333333336,
        -12.0
      ],
      [
        3.555555555555557,
        -10.88888888888889
      ],
      [
        -25.333333333333332,
        -10.666666666666666
      ],
      [
        -31.555555555555554,
        -10.222222222222221
      ],
      [
        -38.666666666666664,
        -9.11111111111111
      ],
      [
        -42.666666666666664,
        -8.0
      ],
      [
        -46.44444444444444,
        -6.222222222222221
      ],
      [
        -48.44444444444444,
        -4.666666666666668
      ],
      [
        -49.55555555555555,
        -3.1111111111111107
      ],
      [
        -50.0,
        -1.5555555555555571
      ],
      [
        -49.77777777777777,
        1.5555555555555536
      ],
      [
        -48.888888888888886,
        3.5555555555555536
      ],
      [
        -46.44444444444444,
        7.111111111111111
      ],
      [
        -39.77777777777777,
        14.444444444444443
      ],
      [
        -31.777777777777775,
        21.555555555555557
      ],
      [
        44.888888888888886,
        21.555555555555557
      ],
      [
        47.77777777777777,
        16.666666666666664
      ],
      [
        49.33333333333333,
        11.777777777777779
      ]
    ],
    "input_shaft": {
      "x": 34.54012345679011,
      "y": 0.26234567901234485
    },
    "output_shaft": {
      "x": -30.701525054466227,
      "y": 4.631808278867101
    }
  },
  "normalization_params": {
    "scale": 0.2222222222222222,
    "offset_x": -50.888888888888886,
    "offset_y": -22.22222222222222
  }
}